Institution,Project_ID,Project_Name,Country,Status,Approval_Date,Total_Commitment_USD,Sector_Codes
ADB,50022-002,Affordable Rural Housing Program,Uzbekistan,Finalisation,,500000000,16030
World Bank,P505746,Sindh Flood Emergency Housing Reconstruction Project,Pakistan,Active,2024-12-24,450000000,"YYF,YYH"
ADB,55307-001,Improving Urban Governance and Infrastructure Program,Bangladesh,Implementation,,301000000.0,"14050,16030,21011,43032,43060"
IDB,XI-IATI-IADB-EC-U0001,FINANCING LOW-INCOME HOUSING IN ECUADOR,Ecuador,Implementation,2018-12-06,300000000,16040
IDB,XI-IATI-IADB-PE-L1293,Program to promote Social Housing in Peru,Peru,Implementation,2025-12-03,300000000,16040
ADB,58122-001,Transformative Housing Reforms for Improved Vitality and Empowerment,Armenia,Implementation,,266450000.0,16030
World Bank,P508310,Armenia Housing Response and Mortgage Market Enhancement Project,Armenia,Active,2025-12-23,250000000,"YYF,YYH"
IDB,XI-IATI-IADB-EC-U0010,Financing Low-Income Housing in Ecuador II,Ecuador,Implementation,2025-12-10,250000000,16040
ADB,55201-001,Coastal Towns Climate Resilience Project,Bangladesh,Implementation,,250000000.0,"14050,16030,21011,43032,43060"
World Bank,P513953,"Housing Opportunity: Governance, Affordability, Reform in El Salvador",El Salvador,Pipeline,2026-10-20,230000000,"BBH,NNF,NNI,YYF,YYH"
ADB,49169-002,Ulaanbaatar Green Affordable Housing and Resilient Urban Renewal Sector Project,Mongolia,Implementation,,225000000.0,16040
World Bank,P181251,Financial Inclusion for Households and MSMEs in the WAEMU,Western and Central Africa,Active,2025-05-21,205000000,"FFA,FFK,FFP,YYH"
World Bank,P507999,"Cameroon Finance for Jobs, Inclusion and Growth",Cameroon,Pipeline,2026-12-17,200000000,"FFL,FFP,NNI,YYH"
World Bank,P512529,Promoting Sustainable Housing in Brazil Project,Brazil,Pipeline,2026-09-29,200000000,"BBH,LLU,NNI,WWF,YYF,YYH"
IDB,XI-IATI-IADB-AR-L1179,Neighborhood Improvement Program Third Individual Operation,Argentina,Finalisation,2016-05-25,200000000,16040
IDB,XI-IATI-IADB-ME-L1167,Project to Address Social and Basic Services Gaps in Urban Areas,Mexico,Implementation,2015-12-07,200000000,16040
ADB,39295-013,Third Urban Governance and Infrastructure Improvement (Sector) Project,Bangladesh,Finalisation,,200000000.0,"14031,14032,14050,16030,21011,43032,43060"
ADB,44318-023,Housing for Integrated Rural Development Investment Program - Tranche 1,Uzbekistan,Finalisation,,200000000,16030
ADB,44318-025,Housing for Integrated Rural Development Improvement Program - Tranche 2,Uzbekistan,Finalisation,,200000000,16030
ADB,51348-001,Mortgage Market Sector Development Program,Uzbekistan,Finalisation,,200000000.0,16030
ADB,56182-001,Chongqing Gaoxin District Green and Low-Carbon Urban Development Program,China,Implementation,,195381600,"14015,14022,14031,14032,16040,23183,43032,43060"
ADB,58135-001,Promoting Inclusive and Green Housing Finance Project,Kazakhstan,Pipeline,,193948794,16030
ADB,53080-001,Heilongjiang Green Transformation Demonstration Project and Program,China,Implementation,,193000000.0,"14015,14032,16040,21011,21061,22020,43032"
World Bank,P512540,Fortaleza Urban and Fiscal Sustainability Development Policy Loan,Brazil,Pipeline,2026-07-31,177193472,"BBH,NNI,SSA,SSG,TTC,YYH"
IDB,XI-IATI-IADB-ES-L1172,Comprehensive Program for Urban Regeneration and Sustainable Revitalization of the Municipal Markets in Santa Tecla and La Libertad,El Salvador,Implementation,2025-09-17,170000000,16040
ADB,49430-006,Aimags and Soums Green Regional Development Investment Program - Tranche 1,Mongolia,Implementation,,168200000.0,"14015,14022,14031,14050,16030,16040,21011,21023,23183,23620,23630,24010,24040,31110,31130,31140,31161,31163,43032,43060"
IDB,XI-IATI-IADB-AR-L1361,Urban Social Integration and Housing Improvement Program,Argentina,Implementation,2023-06-26,150000000,16040
IDB,XI-IATI-IADB-AR-L1341,Barrio Improvement Program,Argentina,Implementation,2023-06-30,150000000,16040
IDB,XI-IATI-IADB-BR-L1588,State Housing Program - State of Paran - Vida Nova Project,Brazil,Implementation,2024-04-10,150000000,16040
ADB,53067-004,"Inclusive, Resilient, and Sustainable Housing for Urban Poor Sector Project in Tamil Nadu",India,Implementation,,150000000,16040
ADB,51348-005,Mortgage Market Sector Development Program,Uzbekistan,Implementation,,150000000,16030
IDB,XI-IATI-IADB-BR-L1520,STATE PROGRAM TO SUPPORT URBAN DEVELOPMENT AND MUNICIPAL INFRASTRUCTURE IMPROVEMENTS: PARAN URBANO III,Brazil,Implementation,2020-08-26,118370100,16030
World Bank,P512660,Croatia Disaster Preparedness and Resilience Development Policy Loan with a Catastrophe Deferred Drawdown Option (Cat DDO),Croatia,Active,2025-12-22,115700000,"BBZ,FFD,LLT,SSA,YYH,YYT"
IDB,XI-IATI-IADB-AR-L1288,Social and Urban Integration Program in Greater Buenos Aires,Argentina,Implementation,2022-04-21,100000000,16040
IDB,XI-IATI-IADB-BR-L1497,Vitria Urban Improvement and Citizen Security Program (First Stage of the Sustainable Vitria Action Plan),Brazil,Implementation,2020-02-19,100000000,16030
IDB,XI-IATI-IADB-PN-L1154,Comprehensive urban urban development program with tourist vocations,Panama,Implementation,2021-05-20,100000000,16030
IDB,XI-IATI-IADB-PR-L1152,HOUSING AND REHABILITATION PROGRAM FOR BAADO SUR IN ASUNCIN,Paraguay,Implementation,2020-08-26,100000000,16040
ADB,52334-001,Promoting Gender Equality in Housing Finance Project,Kazakhstan,Finalisation,,100000000,16030
ADB,44318-026,Housing for Integrated Rural Development Investment Program - Tranche 3,Uzbekistan,Finalisation,,100000000,16030
World Bank,P178986,"Africa Green, Resilient and Inclusive Housing De-Risking (GRIHD) Facility",Eastern and Southern Africa,Active,2025-04-01,95000000,YYH
IDB,XI-IATI-IADB-EC-L1245,First individual operation under the CCLIP Housing Solutions for poor and vulnerable households,Ecuador,Implementation,2019-09-10,93900000,16040
World Bank,P510438,Housing Repair for People's Empowerment Project  (HOPE),Ukraine,Active,2025-05-09,84000000,"YYF,YYH"
ADB,46094-001,Neighborhood Upgrading and Shelter Project (Phase 2),Indonesia,Finalisation,,74400000,16030
IDB,XI-IATI-IADB-EC-L1290,Financing of Housing Solutions for the Popular and Solidarity Economy Population (EPS),Ecuador,Implementation,2025-07-14,70000000,16040
IDB,XI-IATI-IADB-UR-L1146,Neighborhood Improvement Program III,Uruguay,Implementation,2019-12-20,70000000,16040
ADB,45007-005,Ulaanbaatar Urban Services and Ger Areas Development Investment Program - Tranche 2,Mongolia,Implementation,,66350000.0,16030
ADB,58345-001,Enhancing Housing Finance for Affordable and Energy-Efficient Housing Project,Kyrgyz Republic,Implementation,,65000000.0,"16030,24010"
IDB,XI-IATI-IADB-UR-L1188,Program for the Social and Urban Integration in Uruguay,Uruguay,Implementation,2024-12-09,60000000,16040
IDB,XI-IATI-IADB-BR-L1596,ProMorar Brasil - Promotion of New Housing Strategies in Brazil for Low-income Population,Brazil,Implementation,2023-06-28,54055925,16040
IDB,XI-IATI-IADB-AR-L1306,Social and Urban Integration Program,Argentina,Implementation,2021-03-19,50000000,16040
IDB,XI-IATI-IADB-ES-L1165,"Financing Program for Sustainable, Inclusive, Low-income Housing",El Salvador,Finalisation,2025-06-25,50000000,16040
ADB,45007-004,Ulaanbaatar Urban Services and Ger Areas Development Investment Program - Tranche 1,Mongolia,Implementation,,50000000.0,16030
ADB,49430-005,Aimags and Soums Green Regional Development Investment Program,Mongolia,Implementation,,48000000.0,"14050,16030,16040,21011,23183,23230,23620,23630,24010,24040,31110,31130,31140,31163,43032"
ADB,45007-009,Ulaanbaatar Urban Services and Ger Areas Development Investment Program - Tranche 3,Mongolia,Implementation,,44650066.0,16030
ADB,37919-014,PHI: NHMFC&apos;s DISPOSAL OF NON-PERFORMING LOANS,Philippines,Finalisation,,33000000,16030
World Bank,P500611,Second Real Estate Management Project,Serbia,Active,2024-07-29,32500000,"AAK,BBC,BBH,YYH"
IDB,XI-IATI-IADB-TT-L1056,Urban Upgrading and Revitalization Program,Trinidad and Tobago,Implementation,2020-12-18,32500000,16040
World Bank,P512048,Integrated Flood Resilience and Adaptation Project,Pakistan,Active,2025-06-27,32000000,YYH
IDB,XI-IATI-IADB-PR-L1082,Improvement of Housing and Habitat,Paraguay,Finalisation,2016-12-21,30000000,16040
IDB,XI-IATI-IADB-SU-L1067,Strengthening Spatial Planning and Environmental Management in Suriname,Suriname,Implementation,2024-10-04,30000000,16030
ADB,54355-001,Green and Resilient Affordable Housing Sector Project,Bhutan,Implementation,,30000000.0,16040
World Bank,P510584,Maldives Fire Reconstruction and Building Resilience Emergency Project,Maldives,Dropped,2025-12-18,20000000,"BBH,EEF,LLT,NNF,NNI,SSA,SSG,TTC,TTF,WWB,WWF,YYH,YYT"
World Bank,P505490,Belize  Development Policy Credit with a Catastrophe Deferred Drawdown Option,Belize,Active,2025-07-29,20000000,"BBC,BBZ,FFD,YYH"
IDB,XI-IATI-IADB-TT-L1057,Urban Upgrading and Revitalization Program,Trinidad and Tobago,Implementation,2020-12-18,17500000,16040
IDB,XI-IATI-IADB-BL-L1046,Sustainable and Inclusive Urban Development Program,Belize,Implementation,2025-10-21,10000000,16040
ADB,41914-014,MLD: EQUITY INVESTMENT AND LOAN TO THE HOUSING DEVELOPMENT FINANCE CORPORATION,Maldives,Finalisation,,7500000,16030
ADB,47127-002,Mandalay Urban Services Improvement Project,Myanmar,Implementation,,4000000,"14031,14032,16030,43032"
